CountryCode,EN.ATM.CO2E.KT,EN.ATM.CO2E.GF.ZS,EN.ATM.CO2E.LF.ZS,EN.ATM.CO2E.SF.ZS,EG.USE.ELEC.KH.PC,EG.ELC.HYRO.ZS,EG.ELC.NUCL.ZS,EG.ELC.FOSL.ZS,EG.ELC.RNWX.ZS,EG.IMP.CONS.ZS,EG.USE.PCAP.KG.OE,IncomeGroup
ABW,2405.5855523523405,0.0,100.0,0.0,None,None,None,None,None,None,None,High income: nonOECD
ADO,522.4871555501213,0.0,100.0,0.0,None,None,None,None,None,None,None,High income: nonOECD
AFG,5369.2369659357755,14.014294711768432,63.18924641579367,20.981292317818156,None,None,None,None,None,None,None,Low income
AGO,23320.952200918986,6.62916250618453,43.167761379416525,0.0012986247271708185,178.0426325158704,72.13363007117417,0.0,27.866369928825826,0.0,-618.5393714236378,589.1932507132886,Upper middle income
ALB,4243.011171324583,0.8602140617220165,84.99986517927438,4.441636958746616,1748.05971075107,98.69490449568059,0.0,1.3050955043194312,0.0,33.61452730160208,697.9501275832074,Upper middle income
ARB,1424239.1263690225,35.80745917772569,54.70416965580263,1.4974929769751,2086.709617036212,3.695348499452776,0.0,87.91965084538472,0.1925729520948283,-213.66555033483644,1640.3164110003954,Not exist
ARE,140754.13969104414,68.93602774503098,24.59677949903353,1.2755253353688651,11164.604887493033,0.0,0.0,100.0,0.0,-239.37920696279218,8571.412284796621,High income: nonOECD
ARG,170435.95749985008,48.149233357863814,47.01050391761653,2.1042817740940856,2605.7332878377415,28.054149913261124,6.342159072431492,64.12905725146834,1.4746337628390365,-9.23901379274437,1825.9364552251666,High income: nonOECD
ARM,4398.778643086462,72.48019508099675,21.36455623624192,0.36950794300755396,1637.3133996102533,32.07267993408941,36.424570527306315,31.45485242690961,0.04789711169467147,68.71471544526521,875.6960028386447,Lower middle income
ATG,457.4459326374904,0.0,100.0,0.0,None,None,None,None,None,None,1683.0104086362173,High income: nonOECD
AUS,357089.06753664766,14.724374509391273,28.6563962256842,55.292447001984875,10515.699657688905,6.405589579258839,0.0,90.30332803856923,3.2910823821719286,-141.79637519193602,5580.525809288036,High income: OECD
AUT,67223.36698541488,25.615800083515335,50.66620360760903,20.348112337645087,8053.296322114501,61.05039749253608,0.0,28.71578673098785,9.36010802302444,65.16768424247925,3923.983131699554,High income: OECD
AZE,32832.36859405329,55.398183590478865,35.696495855826306,0.04100520146784558,1958.7056464536072,11.63840632800583,0.0,88.3598705130407,0.0017231589534718007,-293.8843766709952,1446.0618159800092,Upper middle income
BDI,203.72218590174205,0.0,94.27526097819286,6.468136452899964,None,None,None,None,None,None,None,Low income
BEL,106107.75756193462,31.9697086609415,48.71677798256341,15.476760564329032,8173.814904875863,0.39251822016206545,53.27564504339114,37.47350772669548,7.3109716308161365,73.49009870797673,5309.379694294828,High income: OECD
BEN,3894.410591433605,0.0,87.76794046842669,0.0,59.38977795381679,0.43405241444356235,0.0,98.85994374877818,0.7060038367782658,38.43764462452058,362.47822663706785,Low income
BFA,1489.7549333781215,0.0,98.76575229488463,0.0,None,None,None,None,None,None,None,Low income
BGD,46436.46635486973,63.83604481640828,26.658688670657153,4.549095025700313,210.95078893753876,2.641798890489129,0.0,97.35820110951086,0.0,15.930584959189112,184.07003533303748,Lower middle income
BGR,48254.10534397407,12.742386162678756,25.023236711866097,59.28729302293809,4483.865576154987,7.470268807385732,36.35179726512594,54.739545344401094,1.4105506697410006,42.91683423609188,2526.890221570752,Upper middle income
BHR,20819.602480475958,79.3613364674409,19.484581539303466,0.00042382499178106857,18564.095978964033,0.0,0.0,100.0,0.0,-72.56859258043556,10520.32397995519,High income: nonOECD
BHS,1743.1490407327315,0.0,99.63272672964696,0.26909993483573713,None,None,None,None,None,None,2142.2814301051335,High income: nonOECD
BIH,18569.36811885967,3.192596504871011,21.14407775439877,72.98115735555247,2740.9096207002603,38.87703067943514,0.0,61.12296932056486,0.0,30.059890105225968,1522.2557950118153,Upper middle income
BLR,60624.494396859285,62.34397528905012,30.91604569166489,3.6750886793532875,3436.8990129516774,0.1384459192218764,0.0,99.62331976696878,0.16709596206579283,86.21583211434162,2929.9797097892574,Upper middle income
BLZ,481.87946507394787,0.8789414172881007,99.24227426638139,0.0,None,None,None,None,None,None,580.5385943566428,Upper middle income
BMU,468.7586409058729,0.0,99.99989399319739,0.0001060068026096602,None,None,None,None,None,None,None,High income: nonOECD
BOL,13606.205631635336,35.815760971998,54.466607547172,0.00025151988842387295,556.8114533666668,37.76246331849864,0.0,59.93777055069112,2.2997661308102435,-117.6791665181899,736.9751713917688,Lower middle income
BRA,373104.50158341567,10.45581029147267,67.23275130638315,14.610493006142017,2182.1227541519174,81.20494096197967,2.796301429957503,10.75516455222993,5.135651809902071,10.341034431673226,1251.6936405455376,Upper middle income
BRB,1435.9804951979172,3.139788922350863,86.51899502803677,0.00010144695954395715,None,None,None,None,None,None,1405.2483326663157,High income: nonOECD
BRN,7622.666922930592,66.73363336367339,23.510831653349907,1.925441616597002e-05,8480.541398152056,0.0,0.0,99.98275626462743,0.017243735372579384,-538.5134355743468,8416.590443513556,High income: nonOECD
BTN,426.30002922135964,0.0,57.10744336299768,22.0640465931073,None,None,None,None,None,None,295.37203692790223,Lower middle income
BWA,4593.438896951971,0.0,48.0998135655084,51.87110059376256,1429.9811507081565,0.0,0.0,100.0,0.0,47.95415841559028,1017.2037904422806,Upper middle income
CAF,246.9186144494437,0.0,100.0,0.0,None,None,None,None,None,None,None,Low income
CAN,517877.4086344791,34.67352343139873,44.527175057758186,18.885541991543946,16461.185177793253,59.193708691828256,14.9184120868326,23.329081911651944,2.516727312473872,-59.59101681115868,7581.281014067473,High income: OECD
CEB,740309.4186998294,17.911615100714055,23.7813149890477,55.39872671178376,3894.019626593,8.917186046509439,20.18453603338923,65.26372183477378,3.2492388877968494,34.54918140191526,2605.9322276563685,Not exist
CHE,39651.272751154116,15.516691200356776,78.0326651264185,1.5003863309886558,8022.924160352146,54.44954901494881,40.15217653384247,1.5219149842250328,2.2010472190979837,52.194787363441336,3372.883742862367,High income: OECD
CHL,67013.01347011914,14.919273846101163,59.785350588383906,21.943391039870278,3269.67196013103,37.29411940515525,0.0,56.720997170594906,5.929226183851678,66.21662705014091,1899.6037775414275,High income: OECD
CHN,6741241.526981448,2.0284578230121695,14.736835244984903,73.18094854370224,2510.7349276961277,16.342236621263098,1.8133552595346363,80.412968109978,1.3310761572347296,7.8034487868331,1667.6473842296894,Upper middle income
CIV,6589.968438039465,42.2509282975249,54.492795592788376,0.0,201.87608213825663,31.205986964006495,0.0,67.63645921946942,1.1575538165240966,-5.8162537670629035,515.1358796828368,Lower middle income
CMR,5213.860643257638,6.384462556015782,83.79203103552389,0.007069054115974446,237.34146635456952,78.4130122279072,0.0,20.11482748035618,1.4721602917366001,-37.63192092816333,347.36533003773076,Lower middle income
COG,1531.7284112291436,7.8511147874042555,87.81864408486105,0.0,149.14927053762665,71.38065792527772,0.0,28.619342074722265,0.0,-1032.4374223455277,350.9565758707002,Lower middle income
COL,66306.64350072129,23.02845292593699,51.866629815649816,16.49866066929956,1019.5988920663272,76.46280592054151,0.0,21.36551573772081,2.1716783417376617,-229.50067188671233,662.3643282644341,Upper middle income
COM,119.941058782293,0.0,100.0,0.0,None,None,None,None,None,None,59.56539746342238,Low income
CPV,302.02254384818553,0.0,99.9932136570913,0.0,None,None,None,None,None,None,192.4362454634956,Lower middle income
CRI,7217.275929723141,0.0,86.39488963546096,2.828201997123182,1814.528834983533,76.10455808187102,0.0,6.380351317037439,17.515090601091533,49.62497142534893,956.9181798198379,Upper middle income
CSS,60668.049281197906,58.2623333188687,39.38179893241924,0.2632968113972605,None,None,None,None,None,-78.55984091838079,3400.828816354551,Not exist
CUB,30799.464973592792,5.765243341019594,91.29326324116539,0.2505439768395669,1271.2158659209658,0.6365274253713573,0.0,55.812686357433456,3.48922142180685,49.817385229397274,1019.5634566916307,Upper middle income
CYM,528.0688501964006,0.0,100.0,0.0,None,None,None,None,None,None,None,High income: nonOECD
CYP,7573.334243336807,0.0,88.70723912086676,1.2305932675268452,4152.596009860978,0.0,0.0,98.21527396523571,1.78472603476429,96.683098301614,2169.1075782534786,High income: nonOECD
CZE,115562.71177225433,14.573430978447814,17.764120585497405,65.9439966123224,6234.8520162411,2.762837383349107,31.796603402534007,61.25067411188004,4.130956114207869,25.927880540495664,4158.004844719659,High income: OECD
DEU,775810.1017294816,21.962071954085435,35.75625961226903,40.14430777091312,7080.860982392867,3.208327055253601,21.03365319991145,60.828757539718104,13.675818387615438,60.08003752598585,3957.197135573634,High income: OECD
DJI,453.94279754428624,0.0,100.0,0.0,None,None,None,None,None,None,183.92646796536263,Lower middle income
DMA,120.35325896882561,0.0,100.0,0.0,None,None,None,None,None,None,551.204592060483,Upper middle income
DNK,48172.63032367179,19.670409149544888,44.01639560709929,33.451322501872916,6350.078363637396,0.05533387817719602,0.0,63.953537316996645,33.23435592548951,-20.219615241178083,3367.640563397836,High income: OECD
DOM,20331.266559563264,4.6881042433377536,76.50266495591713,11.306866684712123,1272.3339211843124,10.707094726197761,0.0,89.02944600770326,0.2634592660989789,88.90271618732497,724.2382780561586,Upper middle income
DZA,109188.38093691018,47.09373936037304,35.71272137852562,1.868479759688303,961.6684280242024,0.833843846567052,0.0,99.16615615343294,0.0,-305.5204902874476,1080.362245674113,Upper middle income
EAP,7898845.410453373,4.467604089071986,18.900173585430586,66.87627498310688,2002.9506704852936,16.044014844692846,1.5434841400356987,80.17937552204127,1.70950866928186,1.3055891879562018,1407.7427850269976,Not exist
EAS,10311999.131852347,6.9062139217580425,24.444951743469627,60.477917695550715,2716.3703359986243,12.58516850237222,8.011578008973784,76.2412686599756,1.948841293842642,16.39327432056671,1715.5698162975214,Not exist
ECA,1304694.1544846573,36.44280500542524,21.6306009275808,37.99356422712188,2723.9966156099786,19.47760508935128,14.345962214795078,65.41396158640546,0.5722789651187645,5.229714620333023,1990.8085908741791,Not exist
ECS,6751435.111014598,33.05847650168151,33.31916436765503,30.385478706343296,5389.970005907279,15.672393331185079,23.25291317586408,54.52897494451003,5.1086133512166505,5.486680898501097,3293.161924334319,Not exist
ECU,30673.65520030872,2.6515768675723015,85.56639585254412,0.0,1035.3159053849283,54.78714144165856,0.0,44.14014640628879,1.072712152052648,-127.10238273930923,843.5431056776549,Upper middle income
EGY,181926.44479377576,39.7839544878083,48.00934149599962,1.8791922082886816,1456.3669292833704,11.10746805429487,0.0,88.14175903165204,0.7507729140531036,-19.412993432452904,847.3241521481633,Lower middle income
EMU,2577082.364013331,25.564544864433753,46.10148447455739,24.83652953954558,6597.00900551352,10.083260245702238,31.717275432541406,47.93112659013397,8.694612405743795,60.87313401120194,3570.4778078597806,Not exist
ERI,553.0510975072038,0.0,95.85025157694879,0.0,57.504033740157666,0.0,0.0,99.4315546914255,0.5684453085744835,24.29257855465787,171.76504760560448,Low income
ESP,300536.78270672634,20.866086860961268,54.40510495651557,18.914851097237953,5618.615639447057,10.85877635971453,21.104953246805117,51.2381766485012,16.42000866324007,74.21070112933815,2792.755519807783,High income: OECD
EST,17278.21371766396,8.545622840733314,10.081272093267895,79.84712593597935,6038.73393778493,0.22159742285190348,0.0,6.174687341076666,6.077120786055622,16.29663831264512,4101.5770277017855,High income: OECD
ETH,6013.047419148365,0.0,83.18688552369757,0.0004840626296938499,43.88569738480254,96.31940011460398,0.0,3.366087060093578,0.3145128253024354,4.882689040464111,462.3939261211677,Low income
EUU,3830175.6303279577,25.1334457681535,41.128997586887735,30.621902651597534,6125.950992838658,10.301289472755004,28.569350971246394,51.9734293143577,7.898935427120707,49.768379047799336,3384.7068771705704,Not exist
FCS,334398.5324464343,13.469911016310412,69.12340837435954,7.670471130411238,513.8761527561854,17.151639490424138,0.0,65.57610059364934,0.06135081124930428,-112.48056391155237,564.0538219749089,Not exist
FIN,58647.56892866927,14.018564039495613,44.530723229971755,40.3526223245487,15907.837516814467,18.626226716593344,31.092450862216687,28.474531916080476,14.402439992799113,51.00544547223925,6410.814720121466,High income: OECD
FJI,1110.967469794263,0.0,93.3832136000309,1.129136299685106,None,None,None,None,None,None,652.476873855235,Upper middle income
FRA,365332.2539663192,24.141663193530984,60.07647903276377,13.038822704309773,7390.900940715817,10.923142287819346,76.79579219580441,9.120311620441441,2.7820448486148615,47.68624748343545,3980.3159150052184,High income: OECD
FRO,641.4003769002144,0.0,99.99900388253793,0.0009851000593749347,None,None,None,None,None,None,None,High income: nonOECD
FSM,134.24118811418776,0.0,100.0,0.0,None,None,None,None,None,None,None,Lower middle income
GAB,2150.4392480213423,16.459823580403253,77.2962280546093,0.0,1003.9176457174188,49.157925436106744,0.0,50.3798353725126,0.4622391913806465,-664.5826964514766,1319.7355801620895,Upper middle income
GBR,505561.3674270588,36.161648819412505,35.971320813666416,26.248962007834994,5772.792094760935,1.3176238411669066,19.21065952169663,72.05617414000356,6.929993182913326,22.297471368392124,3242.202831116056,High income: OECD
GEO,6137.524902087298,44.37973875907355,41.550674496165605,9.14469622366053,1727.4949808636536,81.80791711250254,0.0,18.192082887497467,0.0,63.7681121629752,743.2954755263858,Lower middle income
GHA,8599.123676370456,4.068050361416185,83.86030289977073,0.010457922631775791,296.48381622297455,72.14024966752058,0.0,7.154134089484962,0.0,21.5734305517291,381.5792949161031,Lower middle income
GIN,1852.5042263028156,0.0,97.28126869973902,0.0,None,None,None,None,None,None,None,Low income
GMB,380.60832450992996,0.8024238381530051,99.12213200383606,0.0,None,None,None,None,None,None,78.10142705453744,Low income
GNB,224.25803300301587,0.0,100.0,0.0,None,None,None,None,None,None,61.9632612087471,Low income
GNQ,4592.667336496339,48.69187918088084,21.620082179320608,0.0,None,None,None,None,None,None,2164.7764968433967,High income: nonOECD
GRC,91218.62817777973,7.121527398539395,48.33400980686152,36.24808503059572,5277.063872547557,8.456021305667187,0.0,85.19275084854488,6.221461679688396,63.6390610328368,2456.237029180525,High income: OECD
GRD,233.32811628996484,0.0,100.0,0.0,None,None,None,None,None,None,726.2771343769117,Upper middle income
GRL,621.8684482056551,0.0,99.9874444470604,0.012167841081152512,None,None,None,None,None,None,None,High income: nonOECD
GTM,11258.727979081486,0.022142967437406937,81.60740193322043,9.175911246264132,495.344604327931,41.95018548528027,0.0,41.058129048789006,15.795178038641918,27.58557559987516,649.247113280301,Lower middle income
GUY,1598.4129301604535,0.0,100.0,0.0,None,None,None,None,None,None,648.249206025102,Lower middle income
HIC,15226975.71572903,26.78629277177236,40.080017210009935,30.743706869367674,8426.757622735235,12.97286028027963,19.767237628239084,61.50035481165757,3.9788213730689,1.5605840316044925,4741.536544087084,Not exist
HKG,38136.0448131131,12.279065507080242,31.435929757768484,54.82790201382447,5827.354880002174,0.0,0.0,99.90182440440125,0.09817559559873591,99.43057443031498,2041.6538497775937,High income: nonOECD
HND,7480.572448179938,0.0,84.14129882758104,5.350347124765608,649.4696249514976,41.13007939168739,0.0,55.6996605109908,3.1702600973218074,51.5375475734541,605.5325875941132,Lower middle income
HPC,118144.42819834377,8.403474648032917,78.19786139255301,3.8864384083641577,None,51.00300548686566,0.0,19.601799032125655,1.1167849910554588,-16.1068773201363,None,Not exist
HRV,21787.1444632634,26.136061224495567,54.313602931756,12.568572053778647,3620.5375984187226,47.766828909373906,0.0,50.81499322525836,1.418177865367735,54.26259029198906,1935.780986051145,High income: nonOECD
HTI,2050.1568060603054,0.0,93.64581105492884,0.14549332999464687,34.21464268165921,31.195677854916692,0.0,68.75347056822946,0.05085157685385649,19.649119071388423,356.62953967547537,Low income
HUN,53943.67084611495,43.434848696562895,30.34127940881651,23.100875445650505,3796.1160785100724,0.592010606754741,42.668370497677834,50.66203318159595,5.762107067128361,56.68927805055367,2494.288118954519,High income: OECD
IDN,403634.91229741264,16.943376748811765,45.16828913612223,31.813900389841073,579.6830563413919,8.254926738639545,0.0,86.57250717802809,5.168935541600232,-81.5699578986401,809.5809592972805,Lower middle income
IND,1673493.1653139237,4.073393279151766,21.599923398653466,69.03334245319664,587.2772940161188,13.423013224545569,2.5469088621510165,81.15556678990517,2.844117694112421,24.910383281221616,542.1343933494442,Lower middle income
IRL,40463.962171434374,22.67370256173225,50.62183156077183,22.66441738469181,5845.66503045333,2.757310309682548,0.0,76.51299313647029,11.775063987904112,86.32519166898585,3123.2875011104957,High income: OECD
IRN,505208.9625412322,43.68719206177901,45.096324198523405,1.110656173213837,2349.1661277870485,5.551351907751583,0.15236589014118515,94.22481549076853,0.07146671133868875,-71.78171211808201,2605.2843544757707,Upper middle income
IRQ,101299.0842097525,11.409711112436943,74.18201054814824,0.00014344566841441815,1169.903472966731,8.817655742201957,0.0,77.08214275300536,0.0,-275.9914449910473,1152.7467733502574,Upper middle income
ISL,2074.3870196328394,0.0,80.40037814202293,16.44120608012808,43220.11209717148,74.71373600224877,0.0,0.03071333560097582,25.255095258244545,17.238655330932314,15646.196861205992,High income: OECD
ISR,63801.78672021155,8.710893074106902,43.458075850306905,43.90422778467779,6752.241657771433,0.048625274416234446,0.0,99.28551363153151,0.45163009822711164,84.14653264816809,2971.13411710114,High income: OECD
ITA,430730.2557972051,34.21445133035887,48.15380057272481,13.137484222513965,5476.727156005443,15.369113815799425,0.014338102688138312,73.40380038609766,10.309321268869603,81.8557542297852,2827.32395592445,High income: OECD
JAM,9654.93240004168,0.0,94.72403569416947,1.5689135513612187,1606.380255954609,2.9913210947868016,0.0,93.33718785417354,3.6714910510396743,84.94985257893191,1217.6330994097407,Upper middle income
JOR,20206.092496467994,17.62356224602655,72.82536895054507,0.0,2003.9892366713214,0.42635155957002907,0.0,99.49957829389984,0.07407014653014712,95.86758910304802,1171.952107493333,Upper middle income
JPN,1189623.3057240876,15.485109821729328,47.77752524089725,34.106391206904256,7940.448384550141,7.64640863126488,16.065644235341033,68.6404470820821,3.4476367606287877,86.18905274196702,3759.0369118813824,High income: OECD
KAZ,212408.75206845594,23.99292332174203,16.779400126010398,58.04473135480984,4505.517723034919,10.107416766743102,0.0,89.12154337471208,0.0006040187795463452,-114.70965391934043,4027.6728468582287,Upper middle income
KEN,10718.963164571298,0.0,82.69203173291898,4.545106591707948,147.85543096159068,48.821270075796406,0.0,29.508842967771805,21.669886956431792,17.690848817895,473.18071418365776,Lower middle income
KGZ,5869.957608219537,21.526343004469734,39.99895793937082,31.732620386669,1546.6802103874647,89.31102658348279,0.0,10.688973416517234,0.0,54.07349761002107,583.5847864449438,Lower middle income
KHM,3445.8140799037183,0.0,94.11588953035269,0.21165866741662762,126.1458039809985,9.306389576960008,0.0,89.14862634952685,1.5449840735131346,27.72272476632812,319.8951370216708,Low income
KIR,51.621818303274345,0.0,100.0,0.0,None,None,None,None,None,None,100.88620225987016,Lower middle income
KNA,231.4468474146613,0.0,100.0,0.0,None,None,None,None,None,None,1468.3902612822212,High income: nonOECD
KOR,504363.01802664855,13.426399424682838,36.64039055601957,44.8164136973732,8676.12906056635,0.9317082593791163,31.515909262683977,66.95508657985906,0.435833271829138,81.80452213537868,4788.956329761659,High income: OECD
KSV,None,None,None,None,2565.054380245567,2.0413946184875114,0.0,97.9560630662263,0.0025423152861947223,27.360617378401688,1289.8960166052382,Lower middle income
KWT,76953.17988647906,33.219031665930586,64.65032566440397,0.0,15932.038809411979,0.0,0.0,100.0,0.0,-411.46660895123114,10311.83727961534,High income: nonOECD
LAC,1081221.9845674608,15.938160019848366,66.36970427998882,9.940320661194306,1657.1081903764211,57.62473382946038,2.2999402350553555,34.634626385835276,4.373707237242866,-17.963671467276388,1110.369500684715,Not exist
LAO,1114.9074021781912,0.0,39.84883033948668,45.77207150727909,None,None,None,None,None,None,None,Lower middle income
LBN,17741.960243400867,0.4138943726730804,84.22781678725445,3.119421867410081,3056.622260419212,6.155734776652046,0.0,93.84426522334796,0.0,96.25119713601953,1431.3303325133252,Upper middle income
LBR,671.9926875735375,0.0,93.76183471834658,0.0,None,None,None,None,None,None,None,Low income
LBY,52271.154806802224,22.262941372064446,64.5481378200337,0.00244331190813437,3858.206017112289,0.0,0.0,100.0,0.0,-394.41998065362304,2841.886029629133,Upper middle income
LCA,374.5017767561558,0.0,100.0,0.0,None,None,None,None,None,None,693.0675144458781,Upper middle income
LCN,1590380.9270817162,23.024940521190146,61.790213498619515,8.14724499775332,1853.6204630351783,53.133124262502534,2.2513483530500435,37.02011093057289,3.6487505213436133,-32.944676641624945,1272.7887076806942,Not exist
LDC,185623.8540560309,21.50275412957634,60.02880612543206,5.332471384260796,150.5564784680696,38.77694657782625,0.0,37.19790717654661,0.07728591808645663,-45.86174473016082,332.0215717382405,Not exist
LIC,139815.6053703608,1.0593009318003,35.62436659377775,57.37199283562569,None,None,None,None,None,3.059536507994765,None,Not exist
LIE,59.00684086586537,100.0,0.0,0.0,None,None,None,None,None,None,None,High income: nonOECD
LKA,12373.439192105088,0.0,90.74997727242045,2.5017764392464006,423.0628081845524,42.4563796137592,0.0,56.83438048063819,0.7092399056026075,44.56700231313062,471.18676450349415,Lower middle income
LMC,3454146.577713229,17.14283793769551,31.139372450414676,44.771064888465965,609.5217860928201,17.15964816135695,6.026293195155012,72.45950957331509,2.6420688817700264,-4.971430265360669,606.0685508120824,Not exist
LMY,13978890.70748994,11.381974632206367,26.82564555054666,53.20867972892285,1344.4244822719622,20.9340994433379,3.1128983926883596,72.50037314800136,1.8598750657338705,-9.444182350470886,1037.2278966708834,Not exist
LSO,1980.4869060271346,0.0,21.45644583429653,78.54355416570345,None,None,None,None,None,None,12.261848477462657,Lower middle income
LTU,13799.822365775797,40.89026034558407,50.63256797157276,5.501349064986589,3417.8794435100963,6.262950954623997,41.09098232609178,42.57348534987035,6.6367109165184495,64.67888618208349,2581.969440341082,High income: nonOECD
LUX,10547.175100434215,22.79541910326238,67.97517277828497,4.709391343080248,15551.845750358376,5.333400351627432,0.0,85.60076707634668,6.755279510459087,97.22508369888654,8099.402982222189,High income: OECD
LVA,7771.274726291242,38.90380949338516,51.92092807001604,5.425731858256073,3065.1634053074426,58.29131517758398,0.0,38.81962477632676,2.6797458763968764,55.609745160810235,2074.158727126856,High income: nonOECD
MAC,1406.2188107624386,8.590411972728385,91.46098162811101,0.006056378806778609,None,None,None,None,None,None,None,High income: nonOECD
MAR,48675.29097058287,1.887746997272672,58.63728085884555,27.199555018866302,726.8851840279325,8.184626569991034,0.0,89.94234921511595,1.8730242148930372,89.59233924727356,498.0083104476308,Lower middle income
MDA,5035.371119638116,43.75421465797284,41.8011927011428,7.395967846361007,1780.3521476775093,5.888735631337494,0.0,94.11126436866249,0.0,96.51590089309256,947.0479371065816,Lower middle income
MDG,1932.052733125143,0.0,87.9448144382434,5.0454588017531945,None,None,None,None,None,None,None,Low income
MDV,890.5161054202945,0.0,100.0,0.0,None,None,None,None,None,None,739.8051694056115,Upper middle income
MEA,1980297.1214939002,37.14705883733205,51.64043295730273,2.807321122986909,2420.7536722494424,3.5481642216835145,0.030369290830921082,90.38109362322993,0.17291054912310216,-170.29835587697718,1978.2227383534596,Not exist
MEX,437317.78233783564,23.45863693680686,62.424421363525504,7.935899216835984,1887.4117444132714,11.825638388792138,3.6475862135429242,80.51948985649705,4.007285541167887,-29.933542193329217,1503.4309823694962,Upper middle income
MHL,94.2874007732967,0.0,100.0,0.0,None,None,None,None,None,None,580.8353053912509,Upper middle income
MIC,13841550.013759196,11.48454781562039,26.752616637867455,53.152541961939754,1419.9357815299818,20.60756106793208,3.1619512289290217,73.41145775908971,1.8865519142666138,-9.796634487391636,1077.402685705305,Not exist
MKD,9860.790444764856,1.89853004564326,28.493581933715163,65.2210739113402,3518.1634990448256,19.799885887686855,0.0,80.18909356060625,0.01102055170689805,44.93482394399661,1418.1845025510745,Upper middle income
MLI,1034.2528614276564,0.0,99.86129321473068,0.0,None,None,None,None,None,None,None,Low income
MLT,2510.6338178655647,0.0,99.21098678770304,0.78905959645177,4580.084897282964,0.0,0.0,99.7017896115886,0.2982103884114017,99.59764065657676,1938.3577122979984,High income: nonOECD
MMR,10132.244954121878,44.908600483874686,44.23317983088462,7.899843976778576,109.63993966192324,62.05735301947629,0.0,37.9426469805237,0.0,-46.29390915177525,283.0145189338516,Lower middle income
MNA,1140707.701470678,34.52880340887552,52.15020582018353,2.175304017197636,1486.3786272273182,6.4126166507644005,0.05592287547424228,91.26529817947156,0.2903377321276473,-101.44298447623375,1290.5666041395384,Not exist
MNE,2388.2944602270836,0.0,41.963644389357846,58.00587395430436,5734.100629931946,58.24397237002285,0.0,41.756027629977154,0.0,36.40205685693242,1821.370673291856,Upper middle income
MNG,11470.782175689788,0.0,20.014053622023575,79.0313880531451,1391.9964629291728,0.0,0.0,100.0,0.0,-199.4753617464043,1225.4043360012197,Upper middle income
MOZ,2370.1432215401524,6.565389074209624,77.9775910757841,1.5227317432059748,395.0256369140382,99.02120212272695,0.0,0.9787978772730618,0.0,-23.452216613413206,405.85840689107755,Low income
MRT,1944.9981503427368,0.0,91.72096657829916,0.04180238564439979,None,None,None,None,None,None,None,Lower middle income
MUS,3467.527027439407,0.0,67.41503885015885,32.58156047270242,1819.1738982770585,4.011026587235695,0.0,76.68602528214758,19.302948130616713,79.23658949042893,990.733741842798,Upper middle income
MWI,1047.6329883306214,0.0,77.29963311399591,13.764635124966528,None,None,None,None,None,None,None,Low income
MYS,188476.75916550565,32.292024797690026,36.448589119577015,20.199893515657173,3591.3887521258607,7.007596837127297,0.0,92.55262604308864,0.43750039172827637,-29.716704916684478,2590.7483301729053,Upper middle income
NAC,6008708.298902415,23.616385831728635,41.09141579939979,34.31596853425802,13551.904446540344,13.333773380705875,18.639741558667488,64.22035759859675,3.4555170412042253,14.089920677400508,7286.253813548628,Not exist
NAM,2643.255228464579,0.0,90.16946532721317,8.8833324552452,1467.110609558144,96.38477162518885,0.0,3.615228374811152,0.0,77.04691393579157,651.6519887899528,Upper middle income
NCL,3078.0922966448743,0.0,67.35570053561153,30.58522345444554,None,None,None,None,None,None,None,High income: nonOECD
NER,1078.1291235483802,0.0,57.417716096022005,40.54314290446728,None,None,None,None,None,None,None,Low income
NGA,85136.28529116682,19.88524475854113,41.1465440949964,0.12113141539260153,129.26138300663428,26.37395816327724,0.0,73.62604183672273,0.0,-112.49829415525707,751.4500599620974,Lower middle income
NIC,4393.1147045269445,0.0,93.6098178023126,0.0,478.2839952464215,12.1225671234053,0.0,65.31667698628583,22.560755890308894,46.367250808922996,526.1945441406725,Lower middle income
NLD,171636.0145991142,47.17817544112062,36.82096241402514,15.127225274109374,6889.985513102544,0.09525055480349583,3.659903271341628,85.46509313520714,9.167501842529473,16.14619372411466,4722.244841863851,High income: OECD
NOC,3370242.88491427,43.02947190418437,34.42183855724697,18.695250167527945,5934.215837233719,14.185634867251036,10.167901094396802,67.08404833604983,0.3106164771483279,-106.7664933949284,4330.169002581361,Not exist
NOR,46533.387363097776,23.435572060078968,65.42222499669029,6.786441180509513,24195.555439170785,96.89221486828053,0.0,1.8853579841379757,1.0770949485943653,-604.5493447979497,6026.295987252348,High income: OECD
NPL,3398.7558029607308,0.0,67.26123478986077,28.237416011837237,94.021180469692,99.25188317805211,0.0,0.7481168219478873,0.0,11.975820472192286,364.4293550223848,Low income
NZL,32392.220430139998,26.185508403764196,52.50136673773659,18.91463037961376,9457.513149535098,55.475324011494564,0.0,28.5203233360932,15.874269100609938,14.897292207562852,4168.749282737787,High income: OECD
OEC,11945010.71245916,22.410457104580615,41.62586226915268,33.952020350508384,9161.195068651461,12.659335621504535,21.649230354397154,59.96385732151163,4.7460721849252545,29.157110184315616,4845.222005542551,Not exist
OED,12649561.211422889,22.449473828228637,42.04735517392302,33.188096219870104,8086.660245779931,12.844126064574818,20.818374478147092,60.74044847699569,4.656715556385186,27.962779601160996,4332.655298269451,Not exist
OMN,42066.35687515596,58.522806490488435,30.2521483996584,0.0,4987.237856951533,0.0,0.0,100.0,0.0,-325.6474729446718,6280.768766280498,High income: nonOECD
OSS,26096.262041348687,10.702297721137533,56.815816355139376,25.22584202936127,None,27.975055816557237,0.0,33.4580591378262,3.6130321951685644,-132.72858619301135,572.1157392913417,Not exist
PAK,145439.67948259774,41.33803193955585,39.149096491811186,11.210027263972872,443.82187573666283,31.442532552660776,3.4408416389770773,65.11662580836214,0.0,23.309721304594017,488.0614344536481,Lower middle income
PAN,7668.103878125438,0.1615155903684261,88.10030812791462,4.488443885094491,1645.9154089183119,59.15768187438906,0.0,40.47333846632618,0.36897965928477816,75.1840688578501,966.6310192152446,Upper middle income
PER,43251.057744436264,15.734226014907138,54.616999849549416,6.728717218748797,1015.6713987786123,62.539867658804816,0.0,36.020104936663586,1.4400274045315937,4.747331977604171,589.0222145209704,Upper middle income
PHL,74530.61857426219,7.671257951908034,56.20617818593205,26.819572966149096,599.9891074688267,14.78747455880946,0.0,68.40082644380037,16.80121994621033,43.270151661165485,443.9844097463689,Lower middle income
PLW,199.41327194219784,0.0,100.0,0.0,None,None,None,None,None,None,4868.62456093843,Upper middle income
PNG,4556.978069932438,6.325953211933686,93.66622547683069,0.011061139578834311,None,None,None,None,None,None,None,Lower middle income
POL,314372.3964087024,8.76490295171947,19.32838046528659,69.42191572501382,3655.2411678701847,1.4569070479838273,0.0,93.36821797308927,5.0898075645789085,24.67387781262556,2551.957685487842,High income: OECD
PRK,75722.89923949011,0.0,3.634217825788949,92.36695782417803,733.7026055731883,62.24331360910888,0.0,37.75668639089112,0.0,-16.270486144168935,758.7553164062251,Low income
PRT,55472.95170419189,15.184960225539864,59.22221407882983,18.226250195303983,4638.069174737871,21.99145068115928,0.0,57.20817712011349,20.230804118878503,79.33384452276168,2215.2859466947198,High income: OECD
PRY,4451.969017418361,0.0,93.35538713595317,0.01258294294147123,1091.9221996044694,99.93373554668707,0.0,0.04315440807562817,0.023110045237303093,-57.660007774250374,747.4921827575256,Upper middle income
PSS,2188.297250605202,0.0,96.65457168772826,0.5680099314367156,None,None,None,None,None,None,409.2463834544024,Not exist
PYF,821.2359282710472,0.0,100.0,0.0,None,None,None,None,None,None,None,High income: nonOECD
QAT,61907.717514459175,70.2915725119081,21.52637857476491,0.0,15229.789166409122,0.0,0.0,100.0,0.0,-469.34424148546253,17897.42681099888,High income: nonOECD
ROM,92880.08043779474,31.234026937640408,28.400442980484772,36.179362060731926,2482.7225955699223,26.515010799457777,15.469817026844876,56.651893996404304,1.3623467883102063,24.148852057920354,1804.5055126609182,Upper middle income
RUS,1678426.6871593522,49.367826937147086,21.46377936013816,26.25889759842874,6168.739057254689,16.78996663291844,15.97130907599645,66.85447500355481,0.04529466886643415,-77.75029219489386,4830.696990324164,High income: nonOECD
RWA,569.4474235903673,0.02723402739222856,91.39545959287504,4.201338631472251e-05,None,None,None,None,None,None,None,Low income
SAS,1887814.363774521,8.41210200643961,23.79106548226663,62.28653090309215,525.7324408625113,15.10091135717338,2.4788868016360905,79.18214221671302,2.4545840680861692,24.55297212124461,498.34279860678436,Not exist
SAU,430776.6104546136,30.997454955158183,64.98436967009006,0.0,7133.606560378271,0.0,0.0,76.4804417355157,6.693828763652013e-05,-271.71448426652194,5841.634202385294,High income: nonOECD
SDN,12812.416985499505,0.0,95.131681545291,0.00013539067321048016,110.15544096069756,55.34736825775287,0.0,44.65263174224713,0.0,-75.3887389461519,365.55363694939854,Lower middle income
SEN,6036.918757947147,0.4782552308930772,66.4609769093481,9.004786570942196,175.9239253010064,7.867024508116879,0.0,86.87466375712098,2.227181585003044,47.68131584380948,278.2644574968686,Lower middle income
SGP,27294.267952895574,61.94724383947086,49.19046245840502,0.08676414800500665,8269.078022464126,0.0,0.0,97.47851650110923,1.265681246809944,98.00897590629042,4962.484020888387,High income: nonOECD
SLB,186.9218117356418,0.0,100.0,0.0,None,None,None,None,None,None,131.82528347799135,Lower middle income
SLE,675.8062049711777,0.0,83.35564400438697,0.07234219615457325,None,None,None,None,None,None,None,Low income
SLV,6351.162718679352,0.0,90.50966592553655,0.01777917993563912,814.1511284140196,33.54185737322139,0.0,38.588176530982935,27.86996609579566,46.265551020277826,714.7965979374947,Lower middle income
SOM,561.5016121099159,0.0,93.67670739965676,0.0,None,None,None,None,None,None,None,Low income
SRB,49127.22314805019,8.562222259675693,21.079656949612176,67.3996268952749,4291.89382597415,28.320022487992702,0.0,71.67642369646646,0.0030461276064296617,30.32318537349018,2147.785854127768,Upper middle income
SSA,664523.4384557199,4.515172984274237,27.953235152692425,58.16868811685064,523.0757430049455,18.77391586845367,3.0725383637569377,67.2892932643176,0.6383170326164855,-57.56197685109286,687.6429870087869,Not exist
SSF,669747.1230780665,4.8340258582096025,27.923975965023875,57.73114199878523,523.0757430049455,18.643340389073423,3.0511683857207643,66.82128585517013,0.6338774392405218,-57.56197685109286,688.0183607814872,Not exist
SST,89024.9850539669,43.14063618728947,45.815804166952496,7.414943862344667,None,None,None,None,None,-93.58456794927919,1284.1402579321552,Not exist
STP,83.5661268734954,0.0,100.0,0.0,None,None,None,None,None,None,265.3430443562449,Lower middle income
SUR,2281.182098967557,0.28600481284950197,98.24843932127939,0.013520674892955963,None,None,None,None,None,None,1407.7152365492464,Upper middle income
SVK,36923.244392407156,31.674645839137153,20.820929335288614,43.037523765239165,5142.0809434497,15.459124046283803,54.611054920039884,26.805527702265262,2.8791700922101278,63.92161525449788,3254.6930730015174,High income: OECD
SVN,15692.079944569608,12.2792435931921,46.934435525094734,37.221655183058104,6609.402830312551,25.738227787141636,36.12266022696457,36.35085248758682,1.7550206398633794,49.58352592306195,3446.52318043662,High income: OECD
SWE,50810.85277726617,4.625798017371471,73.80000505439423,18.804398868209343,14768.893095849906,44.60617343562664,42.254291979630004,2.894281724539142,9.362328775900634,32.46386591472719,5318.910427420724,High income: OECD
SWZ,1028.7327855640656,0.0,59.194702290667706,40.77485098862662,None,None,None,None,None,None,366.05157880743445,Lower middle income
SYC,631.8404513037916,0.0,100.0,0.0,None,None,None,None,None,None,2452.2435279013193,High income: nonOECD
SYR,57310.3290026204,22.604534121433257,70.25427439110759,0.018695714017743094,1467.244786821314,9.222841973334676,0.0,90.77715802666532,0.0,-31.88930062321021,974.0233947473479,Lower middle income
TCA,150.00414363578872,0.0,100.0,0.0,None,None,None,None,None,None,None,High income: nonOECD
TCD,426.0704009742407,0.0,100.0,0.0,None,None,None,None,None,None,None,Low income
TGO,1585.9518793898012,0.0,66.1961322409078,0.0,120.4150427704429,65.09255674305535,0.0,32.27331474075269,2.634128516191959,19.392912753437272,450.55936249623767,Low income
THA,261495.4225607552,22.86700707981974,51.53263519177131,18.955873554411266,2083.084856216995,5.271790076910808,0.0,92.82702713221538,1.9011827908738144,41.40629861352061,1610.8686059289985,Upper middle income
TJK,2754.3129697796535,38.19448069195526,48.66564645084438,8.998713994581319,1953.8493477947181,98.9819020160475,0.0,1.0180979839524933,0.0,32.7025874956415,318.79678512754435,Lower middle income
TKM,51287.24822041363,70.05685441136033,29.034924963089317,0.02409055035585092,2241.592455296778,0.02640838624956328,0.0,99.97359161375044,0.0,-169.1759031477984,4350.429131548419,Upper middle income
TMP,181.38363543214444,0.0,100.0,0.0,None,None,None,None,None,None,59.73720325562924,Lower middle income
TON,112.43881609787178,0.0,100.0,0.0,None,None,None,None,None,None,527.1539655480062,Upper middle income
TTO,41839.70341105791,85.28353035312607,12.73759632819032,9.395950214232477e-06,5641.08786618595,0.0,0.0,99.80354524150133,0.1964547584986672,-111.17848370714748,13139.780834037163,High income: nonOECD
TUN,23615.138643070277,34.31071042011078,49.21558662481096,0.2519624831475608,1227.9333271916482,0.5676538459179143,0.0,98.06199286604233,0.577638824216654,18.154923025785326,872.6507250702075,Upper middle income
TUR,267308.0376681926,21.77217428251912,28.700688639257425,40.1587969679333,2321.1263399853997,23.955484730161015,0.0,74.11654774964109,1.868144096075896,70.61162775413753,1422.2652608846402,Upper middle income
TZA,5734.323539904967,14.693943148830352,68.57781315248891,2.0533398943551724,81.12360117417407,52.688795781532704,0.0,47.09760117077792,0.21360304768938562,8.057392545379304,436.73102092289776,Low income
UGA,2869.190612279141,0.0,89.61618595904899,0.0,None,None,None,None,None,None,None,Low income
UKR,312223.61666984175,39.85720542074018,12.737075836091728,45.66914523610836,3430.7672414155413,6.057267528260674,46.05073300255137,47.75795051412409,0.1339718841292208,37.09862312890176,2827.2317814460234,Lower middle income
UMC,10386025.645771172,9.554381338588184,25.322324280968864,55.958449362114784,2362.424314008207,21.804015787617587,2.177554658129708,73.76681593824613,1.6331251287069963,-12.063248058373748,1624.8476339857264,Not exist
URY,6690.543778761744,2.056445956537258,91.44113310182115,0.044013690626165836,2505.2294999000783,69.69973358565989,0.0,23.91149187896411,6.388774535376037,60.32894583992797,1135.579261905428,High income: nonOECD
USA,5490362.131627028,22.57713233069175,40.761965251477925,35.77284906943551,13232.643073030313,6.5883999698206255,19.22358411003743,69.76236161882933,4.082873552219127,20.90793752706648,7253.814691281645,High income: OECD
UZB,114727.39835576003,80.90431965082061,12.045185260416618,4.398456051601371,1674.5215382603747,18.609029124488675,0.0,81.39097087551133,0.0,-20.15153010155162,1726.0033220518374,Lower middle income
VCT,215.73350789860004,0.0,100.0,0.0,None,None,None,None,None,None,584.4477876529261,Upper middle income
VEN,177608.85981197294,32.33522247601515,57.55480100334443,0.3157487284550025,3090.3583916488324,68.88626451152388,0.0,31.11373548847612,0.0,-207.8515209269052,2423.643674998108,High income: nonOECD
VNM,120355.78924669485,9.275205455316241,33.42146539072143,41.57798726601436,854.7196815054409,39.76291024094992,0.0,60.14932819171765,0.0877615673324428,-22.545829202011284,591.6082152062557,Lower middle income
VUT,99.36556313482367,0.0,99.99537027984672,0.004676483734491327,None,None,None,None,None,None,150.69871355594532,Lower middle income
WBG,1995.160820571697,0.0,100.0,0.0,None,None,None,None,None,None,None,Lower middle income
WLD,30794199.04846809,40.15366869720147,36.34639340040854,18.40945812762628,2811.8055507796057,16.044717252610777,13.362459759643848,65.95220712725217,3.109334433392324,-3.1288995330224685,1807.6686301090726,Not exist
WSM,187.29063522055895,0.0,100.0,0.0,None,None,None,None,None,None,309.5803496236573,Lower middle income
YEM,20897.154427766312,2.805771877801687,92.07870149144249,0.0,190.6872384616651,0.0,0.0,100.0,0.0,-169.8590222157886,302.686935555994,Lower middle income
ZAF,435658.6929502505,1.5796034462857467,12.468562602877363,84.67413391590583,4588.408865464,0.6935656422254607,5.052554767886432,94.1128318141995,0.1410477756886102,-18.699432236494907,2734.4248399249564,Upper middle income
ZAR,2860.6323031375323,0.3158259726311049,52.675459569507765,39.6883590636444,101.14563966887812,99.59602150573788,0.0,0.40397849426212346,0.0,-3.7045582025691113,299.9577452673351,Low income
ZMB,2418.9318731129893,0.0,70.79858435097185,14.053327168668995,605.9750834075473,99.60687841734612,0.0,0.3931215826538694,0.0,7.660237462931276,602.241800406671,Lower middle income
ZWE,10088.722124649576,0.0,20.152474003625308,76.35230654266752,651.3256604677924,60.74548238567259,0.0,38.524680690141594,0.7298369241858477,7.994218586404885,693.4264994873405,Low income
